noah,efc4581e6bbb6e82a86d1aba62d6f3ecab736486
chloe,aac201fd0c402d570fe594f91c9cebfa49d4c551
hello,a94a8fe5ccb19ba61c4c0873d391e987982fbbd3
hello2,a94a8fe5ccb19ba61c4c0873d391e987982fbbd3
hello3,a94a8fe5ccb19ba61c4c0873d391e987982fbbd3
chloe2,a93286b70fb971e68d7dc4c7422c1ed92a37fa67
chloe3,a94a8fe5ccb19ba61c4c0873d391e987982fbbd3
chloenegative1,a94a8fe5ccb19ba61c4c0873d391e987982fbbd3
noah7,da39a3ee5e6b4b0d3255bfef95601890afd80709
hola,cdc4e9f90112a90a27d8a6d267cfc5391bae3c6b
hola2,cdc4e9f90112a90a27d8a6d267cfc5391bae3c6b
hola3,cdc4e9f90112a90a27d8a6d267cfc5391bae3c6b
chloed,15b2f80d688b865e2af1d7c7f7fd67102e82aa7d
noah10,3da541559918a808c2402bba5012f6c60b27661c
asdfasdf,3da541559918a808c2402bba5012f6c60b27661c
